[
  {
    "id": "dd4fd095-9ab0-4934-bd6d-2e7722726183",
    "data": [
      {
        "text": "weather in @sys.geo-city:geo-city",
        "userDefined": false
      }
    ],
    "isTemplate": true,
    "count": 0
  },
  {
    "id": "bce7421f-817c-4716-80db-e3a9da4a3639",
    "data": [
      {
        "text": "give me the weather for @sys.geo-city:geo-city",
        "userDefined": false
      }
    ],
    "isTemplate": true,
    "count": 0
  },
  {
    "id": "fcf04094-e3da-4114-9acb-2b75f5cabd63",
    "data": [
      {
        "text": "What will be the weather in ",
        "userDefined": false
      },
      {
        "text": "Dubai",
        "alias": "geo-city",
        "meta": "@sys.geo-city",
        "userDefined": false
      }
    ],
    "isTemplate": false,
    "count": 0,
    "updated": 1517139359
  },
  {
    "id": "8f05b1b3-818c-42ae-97e0-5b08447b3fbf",
    "data": [
      {
        "text": "what\u0027s the weather supposed to be",
        "userDefined": false
      }
    ],
    "isTemplate": false,
    "count": 0,
    "updated": 1517139359
  },
  {
    "id": "509b5ca5-4453-4e7c-b574-67ad1d0f2475",
    "data": [
      {
        "text": "weather forecast",
        "userDefined": false
      }
    ],
    "isTemplate": false,
    "count": 0,
    "updated": 1517139359
  },
  {
    "id": "12149c30-624b-494f-96f4-86e351f28d91",
    "data": [
      {
        "text": "What is the weather like",
        "userDefined": false
      }
    ],
    "isTemplate": false,
    "count": 0,
    "updated": 1517139359
  }
]